{
	"format_version": "1.21.6",
	"credit": "Made with Blockbench",
	"texture_size": [32, 32],
	"textures": {
		"0": "item/laser_shotgun",
		"particle": "item/laser_shotgun"
	},
	"elements": [
		{
			"name": "part1",
			"from": [6.9999, -0.0001, 10.9999],
			"to": [9.0001, 2.0001, 13.0001],
			"rotation": {"angle": 0, "axis": "y", "origin": [7, 0, 11]},
			"faces": {
				"north": {"uv": [7, 5, 8, 6], "texture": "#0"},
				"east": {"uv": [6, 7, 7, 8], "texture": "#0"},
				"south": {"uv": [7, 7, 8, 8], "texture": "#0"},
				"west": {"uv": [0, 8, 1, 9], "texture": "#0"},
				"up": {"uv": [2, 9, 1, 8], "texture": "#0"},
				"down": {"uv": [9, 5, 8, 6], "texture": "#0"}
			}
		},
		{
			"name": "part2",
			"from": [7, 2, 11],
			"to": [9, 4, 13],
			"rotation": {"angle": 22.5, "axis": "x", "origin": [7, 2, 11]},
			"faces": {
				"north": {"uv": [6, 8, 7, 9], "texture": "#0"},
				"east": {"uv": [7, 8, 8, 9], "texture": "#0"},
				"south": {"uv": [8, 7, 9, 8], "texture": "#0"},
				"west": {"uv": [8, 8, 9, 9], "texture": "#0"},
				"up": {"uv": [9.5, 5, 8.5, 4], "texture": "#0"},
				"down": {"uv": [1, 9, 0, 10], "texture": "#0"}
			}
		},
		{
			"name": "part3",
			"from": [6.9999, 3.08229, 11.61303],
			"to": [9.0001, 5.08249, 13.61323],
			"rotation": {"angle": 0, "axis": "y", "origin": [7, 3.08239, 11.61313]},
			"faces": {
				"north": {"uv": [1, 9, 2, 10], "texture": "#0"},
				"east": {"uv": [9, 2.5, 10, 3.5], "texture": "#0"},
				"south": {"uv": [9, 5, 10, 6], "texture": "#0"},
				"west": {"uv": [6, 9, 7, 10], "texture": "#0"},
				"up": {"uv": [10, 7, 9, 6], "texture": "#0"},
				"down": {"uv": [8, 9, 7, 10], "texture": "#0"}
			}
		},
		{
			"name": "part4",
			"from": [7, 3.66818, 12.19891],
			"to": [9, 5.66818, 14.19891],
			"rotation": {"angle": -45, "axis": "x", "origin": [7, 3.66818, 12.19891]},
			"faces": {
				"north": {"uv": [9, 7, 10, 8], "texture": "#0"},
				"east": {"uv": [8, 9, 9, 10], "texture": "#0"},
				"south": {"uv": [9, 8, 10, 9], "texture": "#0"},
				"west": {"uv": [9, 9, 10, 10], "texture": "#0"},
				"up": {"uv": [10.5, 4.5, 9.5, 3.5], "texture": "#0"},
				"down": {"uv": [6, 9.5, 5, 10.5], "texture": "#0"}
			}
		},
		{
			"name": "part5",
			"from": [8, 2, 2],
			"to": [8, 3, 11],
			"rotation": {"angle": 20, "axis": "x", "origin": [7, 1, 11]},
			"faces": {
				"north": {"uv": [0, 0, 0, 0.5], "texture": "#0"},
				"east": {"uv": [4.5, 3, 9, 3.5], "texture": "#0"},
				"south": {"uv": [0, 0, 0, 0.5], "texture": "#0"},
				"west": {"uv": [4.5, 3.5, 9, 4], "texture": "#0"},
				"up": {"uv": [0, 4.5, 0, 0], "texture": "#0"},
				"down": {"uv": [0, 0, 0, 4.5], "texture": "#0"}
			}
		},
		{
			"name": "part6",
			"from": [8, 4.25, 5],
			"to": [8, 5.25, 13],
			"rotation": {"angle": 0, "axis": "y", "origin": [7, 3.25, 11]},
			"faces": {
				"north": {"uv": [0, 0, 0, 0.5], "texture": "#0"},
				"east": {"uv": [4.5, 4, 8.5, 4.5], "texture": "#0"},
				"south": {"uv": [0, 0, 0, 0.5], "texture": "#0"},
				"west": {"uv": [4.5, 4.5, 8.5, 5], "texture": "#0"},
				"up": {"uv": [0, 4, 0, 0], "texture": "#0"},
				"down": {"uv": [0, 0, 0, 4], "texture": "#0"}
			}
		},
		{
			"name": "core1",
			"from": [6.999, 4.999, 4.999],
			"to": [9.001, 8.001, 15.001],
			"rotation": {"angle": 0, "axis": "y", "origin": [7, 5, 8]},
			"faces": {
				"north": {"uv": [5, 0, 6, 1.5], "texture": "#0"},
				"east": {"uv": [0, 0, 5, 1.5], "texture": "#0"},
				"south": {"uv": [5, 1.5, 6, 3], "texture": "#0"},
				"west": {"uv": [0, 1.5, 5, 3], "texture": "#0"},
				"up": {"uv": [1, 8, 0, 3], "texture": "#0"},
				"down": {"uv": [2, 3, 1, 8], "texture": "#0"}
			}
		},
		{
			"name": "core2",
			"from": [8, 5, 0],
			"to": [8, 7, 2],
			"rotation": {"angle": 0, "axis": "y", "origin": [5, 5, -5]},
			"faces": {
				"north": {"uv": [0, 0, 0, 1], "texture": "#0"},
				"east": {"uv": [0, 10, 1, 11], "texture": "#0"},
				"south": {"uv": [0, 0, 0, 1], "texture": "#0"},
				"west": {"uv": [10, 0, 11, 1], "texture": "#0"},
				"up": {"uv": [0, 1, 0, 0], "texture": "#0"},
				"down": {"uv": [0, 0, 0, 1], "texture": "#0"}
			}
		},
		{
			"name": "core3",
			"from": [7, 4.39734, 2.91553],
			"to": [9, 5.39734, 5.91553],
			"rotation": {"angle": -22.5, "axis": "x", "origin": [7, 4.39734, -1.08447]},
			"faces": {
				"north": {"uv": [10, 3, 11, 3.5], "texture": "#0"},
				"east": {"uv": [7, 2.5, 8.5, 3], "texture": "#0"},
				"south": {"uv": [3.5, 10, 4.5, 10.5], "texture": "#0"},
				"west": {"uv": [7, 6, 8.5, 6.5], "texture": "#0"},
				"up": {"uv": [3, 6.5, 2, 5], "texture": "#0"},
				"down": {"uv": [4, 5, 3, 6.5], "texture": "#0"}
			}
		},
		{
			"name": "core4",
			"from": [6.9999, 4.9999, 1.9999],
			"to": [9.0001, 7.0001, 5.0001],
			"rotation": {"angle": 0, "axis": "y", "origin": [7, 5, -2]},
			"faces": {
				"north": {"uv": [1, 10, 2, 11], "texture": "#0"},
				"east": {"uv": [4, 5, 5.5, 6], "texture": "#0"},
				"south": {"uv": [10, 1, 11, 2], "texture": "#0"},
				"west": {"uv": [5.5, 5, 7, 6], "texture": "#0"},
				"up": {"uv": [7, 1.5, 6, 0], "texture": "#0"},
				"down": {"uv": [7, 1.5, 6, 3], "texture": "#0"}
			}
		},
		{
			"name": "core5",
			"from": [7.29189, 6.79189, 14.999],
			"to": [9.29389, 7.79389, 16.001],
			"rotation": {"angle": -45, "axis": "z", "origin": [8, 6.5, 15]},
			"faces": {
				"north": {"uv": [10, 5, 11, 5.5], "texture": "#0"},
				"east": {"uv": [9, 3.5, 9.5, 4], "texture": "#0"},
				"south": {"uv": [10, 5.5, 11, 6], "texture": "#0"},
				"west": {"uv": [5, 11, 5.5, 11.5], "texture": "#0"},
				"up": {"uv": [7, 10.5, 6, 10], "texture": "#0"},
				"down": {"uv": [11, 6, 10, 6.5], "texture": "#0"}
			}
		},
		{
			"name": "core6",
			"from": [6.70711, 5.79289, 15],
			"to": [7.70711, 7.79289, 16],
			"rotation": {"angle": -45, "axis": "z", "origin": [8, 6.5, 15]},
			"faces": {
				"north": {"uv": [4.5, 10, 5, 11], "texture": "#0"},
				"east": {"uv": [10, 6.5, 10.5, 7.5], "texture": "#0"},
				"south": {"uv": [7, 10, 7.5, 11], "texture": "#0"},
				"west": {"uv": [7.5, 10, 8, 11], "texture": "#0"},
				"up": {"uv": [11.5, 5.5, 11, 5], "texture": "#0"},
				"down": {"uv": [6, 11, 5.5, 11.5], "texture": "#0"}
			}
		},
		{
			"name": "core7",
			"from": [6.70611, 5.79189, 14.999],
			"to": [7.70811, 7.79389, 16.001],
			"rotation": {"angle": 45, "axis": "z", "origin": [8, 6.5, 15]},
			"faces": {
				"north": {"uv": [10, 7.5, 10.5, 8.5], "texture": "#0"},
				"east": {"uv": [8, 10, 8.5, 11], "texture": "#0"},
				"south": {"uv": [8.5, 10, 9, 11], "texture": "#0"},
				"west": {"uv": [10, 8.5, 10.5, 9.5], "texture": "#0"},
				"up": {"uv": [11.5, 6, 11, 5.5], "texture": "#0"},
				"down": {"uv": [11.5, 6, 11, 6.5], "texture": "#0"}
			}
		},
		{
			"name": "core8",
			"from": [6.70711, 5.20711, 15],
			"to": [8.70711, 6.20711, 16],
			"rotation": {"angle": 45, "axis": "z", "origin": [8, 6.5, 15]},
			"faces": {
				"north": {"uv": [9, 10, 10, 10.5], "texture": "#0"},
				"east": {"uv": [7, 11, 7.5, 11.5], "texture": "#0"},
				"south": {"uv": [10, 9.5, 11, 10], "texture": "#0"},
				"west": {"uv": [7.5, 11, 8, 11.5], "texture": "#0"},
				"up": {"uv": [11, 10.5, 10, 10], "texture": "#0"},
				"down": {"uv": [3, 10.5, 2, 11], "texture": "#0"}
			}
		},
		{
			"name": "core9",
			"from": [5.5, 6, 13],
			"to": [10.5, 8, 13],
			"rotation": {"angle": 0, "axis": "y", "origin": [7.5, 5, 10]},
			"faces": {
				"north": {"uv": [2, 3, 4.5, 4], "texture": "#0"},
				"east": {"uv": [0, 0, 0, 1], "texture": "#0"},
				"south": {"uv": [2, 4, 4.5, 5], "texture": "#0"},
				"west": {"uv": [0, 0, 0, 1], "texture": "#0"},
				"up": {"uv": [2.5, 0, 0, 0], "texture": "#0"},
				"down": {"uv": [2.5, 0, 0, 0], "texture": "#0"}
			}
		},
		{
			"name": "frame1",
			"from": [4.9999, 7.4999, 6.9999],
			"to": [6.0001, 8.5001, 13.0001],
			"rotation": {"angle": 0, "axis": "y", "origin": [5, 6.5, 13]},
			"faces": {
				"north": {"uv": [11, 7.5, 11.5, 8], "texture": "#0"},
				"east": {"uv": [4, 6, 7, 6.5], "texture": "#0"},
				"south": {"uv": [8, 11, 8.5, 11.5], "texture": "#0"},
				"west": {"uv": [2, 6.5, 5, 7], "texture": "#0"},
				"up": {"uv": [5.5, 9.5, 5, 6.5], "texture": "#0"},
				"down": {"uv": [6, 6.5, 5.5, 9.5], "texture": "#0"}
			}
		},
		{
			"name": "frame2",
			"from": [4.9999, 5.4999, 6.9999],
			"to": [6.0001, 6.5001, 13.0001],
			"rotation": {"angle": 0, "axis": "y", "origin": [5, 4.5, 13]},
			"faces": {
				"north": {"uv": [11, 8, 11.5, 8.5], "texture": "#0"},
				"east": {"uv": [6, 6.5, 9, 7], "texture": "#0"},
				"south": {"uv": [8.5, 11, 9, 11.5], "texture": "#0"},
				"west": {"uv": [7, 0, 10, 0.5], "texture": "#0"},
				"up": {"uv": [2.5, 10, 2, 7], "texture": "#0"},
				"down": {"uv": [3, 7, 2.5, 10], "texture": "#0"}
			}
		},
		{
			"name": "frame5",
			"from": [10.07612, 5.5, 5.38268],
			"to": [11.07612, 6.5, 7.38268],
			"rotation": {"angle": 22.5, "axis": "y", "origin": [10.07612, 4.5, 7.38268]},
			"faces": {
				"north": {"uv": [9, 11, 9.5, 11.5], "texture": "#0"},
				"east": {"uv": [10.5, 2, 11.5, 2.5], "texture": "#0"},
				"south": {"uv": [9.5, 11, 10, 11.5], "texture": "#0"},
				"west": {"uv": [10.5, 2.5, 11.5, 3], "texture": "#0"},
				"up": {"uv": [4, 11.5, 3.5, 10.5], "texture": "#0"},
				"down": {"uv": [11, 3.5, 10.5, 4.5], "texture": "#0"}
			}
		},
		{
			"name": "frame3",
			"from": [9.9999, 5.4999, 6.9999],
			"to": [11.0001, 6.5001, 13.0001],
			"rotation": {"angle": 0, "axis": "y", "origin": [10, 4.5, 13]},
			"faces": {
				"north": {"uv": [11, 9.5, 11.5, 10], "texture": "#0"},
				"east": {"uv": [7, 0.5, 10, 1], "texture": "#0"},
				"south": {"uv": [11, 10, 11.5, 10.5], "texture": "#0"},
				"west": {"uv": [7, 1, 10, 1.5], "texture": "#0"},
				"up": {"uv": [3.5, 10, 3, 7], "texture": "#0"},
				"down": {"uv": [4, 7, 3.5, 10], "texture": "#0"}
			}
		},
		{
			"name": "frame4",
			"from": [9.9999, 7.4999, 6.9999],
			"to": [11.0001, 8.5001, 13.0001],
			"rotation": {"angle": 0, "axis": "y", "origin": [10, 6.5, 13]},
			"faces": {
				"north": {"uv": [11, 10.5, 11.5, 11], "texture": "#0"},
				"east": {"uv": [7, 1.5, 10, 2], "texture": "#0"},
				"south": {"uv": [11, 11, 11.5, 11.5], "texture": "#0"},
				"west": {"uv": [7, 2, 10, 2.5], "texture": "#0"},
				"up": {"uv": [4.5, 10, 4, 7], "texture": "#0"},
				"down": {"uv": [5, 7, 4.5, 10], "texture": "#0"}
			}
		},
		{
			"name": "frame6",
			"from": [10.07612, 7.5, 5.38268],
			"to": [11.07612, 8.5, 7.38268],
			"rotation": {"angle": 22.5, "axis": "y", "origin": [10.07612, 6.5, 7.38268]},
			"faces": {
				"north": {"uv": [0, 11.5, 0.5, 12], "texture": "#0"},
				"east": {"uv": [10.5, 4.5, 11.5, 5], "texture": "#0"},
				"south": {"uv": [11.5, 0, 12, 0.5], "texture": "#0"},
				"west": {"uv": [5, 10.5, 6, 11], "texture": "#0"},
				"up": {"uv": [4.5, 11.5, 4, 10.5], "texture": "#0"},
				"down": {"uv": [6.5, 10.5, 6, 11.5], "texture": "#0"}
			}
		},
		{
			"name": "frame7",
			"from": [5, 7.5, 5],
			"to": [6, 8.5, 7],
			"rotation": {"angle": -22.5, "axis": "y", "origin": [5, 6.5, 7]},
			"faces": {
				"north": {"uv": [8.5, 2.5, 9, 3], "texture": "#0"},
				"east": {"uv": [9.5, 4.5, 10.5, 5], "texture": "#0"},
				"south": {"uv": [8.5, 6, 9, 6.5], "texture": "#0"},
				"west": {"uv": [2, 10, 3, 10.5], "texture": "#0"},
				"up": {"uv": [10.5, 3, 10, 2], "texture": "#0"},
				"down": {"uv": [3.5, 10, 3, 11], "texture": "#0"}
			}
		},
		{
			"name": "frame8",
			"from": [5, 5.5, 5],
			"to": [6, 6.5, 7],
			"rotation": {"angle": -22.5, "axis": "y", "origin": [5, 4.5, 7]},
			"faces": {
				"north": {"uv": [0.5, 11.5, 1, 12], "texture": "#0"},
				"east": {"uv": [10.5, 6.5, 11.5, 7], "texture": "#0"},
				"south": {"uv": [11.5, 0.5, 12, 1], "texture": "#0"},
				"west": {"uv": [10.5, 7, 11.5, 7.5], "texture": "#0"},
				"up": {"uv": [7, 11.5, 6.5, 10.5], "texture": "#0"},
				"down": {"uv": [11, 7.5, 10.5, 8.5], "texture": "#0"}
			}
		},
		{
			"name": "frame9",
			"from": [5.76537, 5.5, 12.84776],
			"to": [6.76537, 6.5, 14.84776],
			"rotation": {"angle": 22.5, "axis": "y", "origin": [5.76537, 4.5, 14.84776]},
			"faces": {
				"north": {"uv": [1.5, 11.5, 2, 12], "texture": "#0"},
				"east": {"uv": [10.5, 8.5, 11.5, 9], "texture": "#0"},
				"south": {"uv": [2, 11.5, 2.5, 12], "texture": "#0"},
				"west": {"uv": [9, 10.5, 10, 11], "texture": "#0"},
				"up": {"uv": [10.5, 11.5, 10, 10.5], "texture": "#0"},
				"down": {"uv": [11, 10.5, 10.5, 11.5], "texture": "#0"}
			}
		},
		{
			"name": "frame10",
			"from": [5.76537, 7.5, 12.84776],
			"to": [6.76537, 8.5, 14.84776],
			"rotation": {"angle": 22.5, "axis": "y", "origin": [5.76537, 6.5, 14.84776]},
			"faces": {
				"north": {"uv": [11.5, 2, 12, 2.5], "texture": "#0"},
				"east": {"uv": [10.5, 9, 11.5, 9.5], "texture": "#0"},
				"south": {"uv": [11.5, 2.5, 12, 3], "texture": "#0"},
				"west": {"uv": [0, 11, 1, 11.5], "texture": "#0"},
				"up": {"uv": [11.5, 1, 11, 0], "texture": "#0"},
				"down": {"uv": [1.5, 11, 1, 12], "texture": "#0"}
			}
		},
		{
			"name": "frame11",
			"from": [9.31085, 7.4999, 12.46518],
			"to": [10.31085, 8.4999, 14.46518],
			"rotation": {"angle": -22.5, "axis": "y", "origin": [9.31085, 6.4999, 14.46518]},
			"faces": {
				"north": {"uv": [3.5, 11.5, 4, 12], "texture": "#0"},
				"east": {"uv": [11, 1, 12, 1.5], "texture": "#0"},
				"south": {"uv": [11.5, 3.5, 12, 4], "texture": "#0"},
				"west": {"uv": [1.5, 11, 2.5, 11.5], "texture": "#0"},
				"up": {"uv": [3, 12, 2.5, 11], "texture": "#0"},
				"down": {"uv": [3.5, 11, 3, 12], "texture": "#0"}
			}
		},
		{
			"name": "frame12",
			"from": [9.31085, 5.4999, 12.46518],
			"to": [10.31085, 6.4999, 14.46518],
			"rotation": {"angle": -22.5, "axis": "y", "origin": [9.31085, 4.4999, 14.46518]},
			"faces": {
				"north": {"uv": [4, 11.5, 4.5, 12], "texture": "#0"},
				"east": {"uv": [11, 1.5, 12, 2], "texture": "#0"},
				"south": {"uv": [11.5, 4, 12, 4.5], "texture": "#0"},
				"west": {"uv": [11, 3, 12, 3.5], "texture": "#0"},
				"up": {"uv": [11.5, 4.5, 11, 3.5], "texture": "#0"},
				"down": {"uv": [5, 11, 4.5, 12], "texture": "#0"}
			}
		}
	],
	"display": {
		"thirdperson_righthand": {
			"translation": [0.25, 4.75, -2.25]
		},
		"thirdperson_lefthand": {
			"translation": [0.25, 4.75, -2.25]
		},
		"firstperson_righthand": {
			"translation": [7, 4, 0]
		},
		"firstperson_lefthand": {
			"translation": [7, 4, 0]
		},
		"gui": {
			"rotation": [-90, -135, -90],
			"translation": [-0.5, 1.25, 0],
			"scale": [0.9, 0.9, 0.9]
		}
	},
	"groups": [
		{
			"name": "handle",
			"origin": [8, 8, 8],
			"color": 0,
			"children": [0, 1, 2, 3, 4, 5]
		},
		{
			"name": "body",
			"origin": [8, 8, 8],
			"color": 0,
			"children": [6, 7, 8, 9, 10, 11, 12, 13, 14]
		},
		{
			"name": "detail",
			"origin": [5, 6.5, 13],
			"color": 0,
			"children": [15, 16, 17, 18, 19, 20, 21, 22, 23, 24, 25, 26]
		}
	]
}
